<?xml version = "1.0" encoding = "utf-8"?>
<!DOCTYPE hibernate-configuration SYSTEM 
"http://www.hibernate.org/dtd/hibernate-configuration-3.0.dtd">
<hibernate-configuration>
	<session-factory>

		<property name="hibernate.dialect">
			org.hibernate.dialect.MySQLDialect
		</property>

		<property name="hibernate.connection.driver_class">
			com.mysql.jdbc.Driver
		</property>


		<!-- Assume test is the database name -->

		<property name="hibernate.connection.url">
			jdbc:mysql://mongosql1.eastus2.cloudapp.azure.com:3306/wheelzCarRental_demo_db?createDatabaseIfNotExist=true
		</property>

		<property name="hibernate.connection.username">
			sqluser4
		</property>

		<property name="hibernate.connection.password">
			Mind@1234$
		</property>
		<property name="hibernate.show_sql">true</property>
	

		<!-- List of XML mapping files -->
		<mapping class="com.mindtree.entity.User" />
		<mapping class="com.mindtree.entity.Driver" />
		<mapping class="com.mindtree.entity.Administrator" />
		<mapping class="com.mindtree.entity.Booking" />
		<mapping class="com.mindtree.entity.Locations" />
		<mapping class="com.mindtree.entity.Route" />


	</session-factory>
</hibernate-configuration>