<?xml version="1.0" encoding="UTF-8"?>
<!DOCTYPE hibernate-configuration SYSTEM
		"http://hibernate.org/dtd/hibernate-configuration-3.0.dtd">
<hibernate-configuration>
	<session-factory>
		<!-- Mysql DB connections -->
		<property name="hibernate.dialect"> org.hibernate.dialect.MySQL5Dialect</property>
		<property name="hibernate.connection.driver_class">com.mysql.jdbc.Driver</property>
		<property name="hibernate.connection.url">jdbc:mysql://localhost:3306/eventregistration</property>
		<property name="hibernate.connection.username">root</property>
		<property name="connection.password">welcome123</property>
		<property name="connection.pool_size">1</property>
		<property name="show_sql">true</property>
		<property name="hbm2ddl.auto">update</property>
		<!-- List of Mapping Classes -->
		<mapping
			class="com.mindtree.eventregistration.entity.Employees" />
		<mapping class="com.mindtree.eventregistration.entity.Events" />
	</session-factory>
</hibernate-configuration>